Compte,GIFI,Debit,Credit
Actifs:Banque:RBC:Cheques,1001,40371.94,
Actifs:Immobilisations:Informatique,1740,2750.00,
Actifs:TPS-Payee,1300,5.47,
Actifs:TVQ-Payee,1300,10.87,
Passifs:CartesCredit:RBC,2700,500.99,
Passifs:Pret-Actionnaire,2480,15223.40,
Passifs:TPS-Percue,2620,,2307.25
Passifs:TVQ-Percue,2620,,4602.96
Revenus:Consultation,8000,,58035.11
Depenses:Bureau:Abonnements-Logiciels,8811,78.76,
Depenses:Bureau:Internet-Telecom,8811,141.84,
Depenses:Bureau:Loyer,8810,1420.00,
Depenses:Frais-Bancaires,8710,199.00,
Depenses:Non-Classe,9990,4000.00,
Depenses:Repas-Representation,8523,243.05,
TOTAL,,64945.32,64945.32
