category,gross_recurring_spend,offset,net_recurring_spend
"Alcohol, convenience, and discretionary",1335.54,0.00,1335.54
Bank fees,75.01,0.00,75.01
Clothing and gear,576.41,0.00,576.41
Groceries and household,2110.85,0.00,2110.85
"Groceries, pharmacy, and health",645.64,0.00,645.64
Housing,7100.00,3600.00,3500.00
Insurance,511.12,0.00,511.12
Other recurring personal,4553.27,0.00,4553.27
Restaurants and coffee,1341.46,0.00,1341.46
"Telecom, software, subscriptions",716.63,0.00,716.63
Transport,446.71,0.00,446.71
Utilities,324.56,0.00,324.56
